{
  "cities": {
    "Midtown": [
      -73.984889,
      40.7518832
    ],
    "Harlem": [
      -73.9387886,
      40.8053547
    ],
    "Jamaica": [
      -73.8084128,
      40.6994569
    ]
  }
}