{
  "cities": {
    "Midtown": [
      40.7518832,
      -73.984889
    ],
    "Jamaica": [
      40.6994569,
      -73.8084128
    ],
    "White Plains": [
      41.0333512,
      -73.7752378
    ],
    "Port Chester": [
      40.9951863,
      -73.669206
    ],
    "Tarrytown": [
      41.0723334,
      -73.8658304
    ],
    "Goldens Bridge": [
      41.2944774,
      -73.6776374
    ],
    "Mahopac": [
      41.3657518,
      -73.740919
    ],
    "Brewster": [
      41.4020511,
      -73.6205289
    ],
    "Poughkeepsie": [
      41.7105678,
      -73.9377675
    ],
    "Beacon": [
      41.4981212,
      -73.9833068
    ],
    "Hopewell Junction": [
      41.5851346,
      -73.8064504
    ],
    "New Rochelle": [
      40.9087325,
      -73.7864183
    ],
    "Yonkers": [
      40.9344007,
      -73.9003055
    ],
    "Fordham": [
      40.8615108,
      -73.8847879
    ],
    "Woodside": [
      40.7466502,
      -73.8948924
    ],
    "Danbury": [
      41.3973815,
      -73.4417016
    ],
    "Norwalk": [
      41.0993138,
      -73.4184523
    ],
    "Milford": [
      41.206841,
      -73.1051786
    ],
    "Waterbury": [
      41.5544737,
      -73.0471876
    ],
    "Nyack": [
      41.100842,
      -73.964514
    ],
    "Spring Valley": [
      41.1120061,
      -74.0449373
    ],
    "Suffern": [
      41.1187056,
      -74.1581145
    ],
    "Haverstraw": [
      41.2036413,
      -73.9791401
    ],
    "Babylon": [
      40.6979924,
      -73.3339855
    ],
    "Valley Stream": [
      40.6660133,
      -73.7215061
    ],
    "Hempstead": [
      40.7121622,
      -73.6249797
    ],
    "Hicksville": [
      40.7677159,
      -73.5260812
    ],
    "Denville": [
      40.8841361,
      -74.4797419
    ],
    "Summit": [
      40.7184329,
      -74.3659948
    ],
    "Downtown": [
      40.7209093,
      -74.0064371
    ],
    "Newark": [
      40.741695,
      -74.1480304
    ],
    "Pompton": [
      41.0034167,
      -74.3000536
    ],
    "Trenton": [
      40.2368388,
      -74.7828388
    ],
    "Bridgewater": [
      40.5559914,
      -74.5570525
    ],
    "Rahway": [
      40.6024282,
      -74.2812071
    ],
    "Harriman": [
      41.2993486,
      -74.1371552
    ],
    "Campbell Hall": [
      41.451298,
      -74.2662688
    ],
    "Chester": [
      41.3615344,
      -74.2555355
    ],
    "Port Jervis": [
      41.4151804,
      -74.6053088
    ]
  },
  "routes": [
    {
      "cities": [
        "White Plains",
        "Port Chester"
      ],
      "length": 2,
      "tracks": [
        "black"
      ]
    },
    {
      "cities": [
        "Mahopac",
        "Goldens Bridge"
      ],
      "length": 2,
      "tracks": [
        "black"
      ]
    },
    {
      "cities": [
        "Mahopac",
        "Brewster"
      ],
      "length": 2,
      "tracks": [
        "blank"
      ]
    },
    {
      "cities": [
        "Goldens Bridge",
        "Brewster"
      ],
      "length": 3,
      "tracks": [
        "blank"
      ]
    },
    {
      "cities": [
        "Midtown",
        "Yonkers"
      ],
      "length": 5,
      "tracks": [
        "blue"
      ]
    },
    {
      "cities": [
        "Midtown",
        "Woodside"
      ],
      "length": 2,
      "tracks": [
        "blank"
      ]
    },
    {
      "cities": [
        "Midtown",
        "Fordham"
      ],
      "length": 3,
      "tracks": [
        "white"
      ]
    },
    {
      "cities": [
        "Woodside",
        "Jamaica"
      ],
      "length": 2,
      "tracks": [
        "blank"
      ]
    },
    {
      "cities": [
        "White Plains",
        "Tarrytown"
      ],
      "length": 2,
      "tracks": [
        "red"
      ]
    },
    {
      "cities": [
        "White Plains",
        "Goldens Bridge"
      ],
      "length": 7,
      "tracks": [
        "orange"
      ]
    },
    {
      "cities": [
        "Tarrytown",
        "Mahopac"
      ],
      "length": 8,
      "tracks": [
        "blank"
      ]
    },
    {
      "cities": [
        "Tarrytown",
        "Beacon"
      ],
      "length": 12,
      "tracks": [
        "blank"
      ]
    },
    {
      "cities": [
        "Port Chester",
        "New Rochelle"
      ],
      "length": 3,
      "tracks": [
        "black"
      ]
    },
    {
      "cities": [
        "Poughkeepsie",
        "Beacon"
      ],
      "length": 6,
      "tracks": [
        "orange"
      ]
    },
    {
      "cities": [
        "Poughkeepsie",
        "Hopewell Junction"
      ],
      "length": 4,
      "tracks": [
        "orange"
      ]
    },
    {
      "cities": [
        "Brewster",
        "Hopewell Junction"
      ],
      "length": 6,
      "tracks": [
        "red"
      ]
    },
    {
      "cities": [
        "Beacon",
        "Hopewell Junction"
      ],
      "length": 4,
      "tracks": [
        "black"
      ]
    },
    {
      "cities": [
        "New Rochelle",
        "Fordham"
      ],
      "length": 2,
      "tracks": [
        "blank"
      ]
    },
    {
      "cities": [
        "New Rochelle",
        "Woodside"
      ],
      "length": 5,
      "tracks": [
        "blank"
      ]
    },
    {
      "cities": [
        "Yonkers",
        "Tarrytown"
      ],
      "length": 3,
      "tracks": [
        "orange"
      ]
    },
    {
      "cities": [
        "Yonkers",
        "Fordham"
      ],
      "length": 2,
      "tracks": [
        "blank"
      ]
    },
    {
      "cities": [
        "Danbury",
        "Brewster"
      ],
      "length": 4,
      "tracks": [
        "blank"
      ]
    },
    {
      "cities": [
        "Danbury",
        "Waterbury"
      ],
      "length": 9,
      "tracks": [
        "red"
      ]
    },
    {
      "cities": [
        "Danbury",
        "Norwalk"
      ],
      "length": 8,
      "tracks": [
        "blank"
      ]
    },
    {
      "cities": [
        "Milford",
        "Norwalk"
      ],
      "length": 7,
      "tracks": [
        "black"
      ]
    },
    {
      "cities": [
        "Milford",
        "Waterbury"
      ],
      "length": 9,
      "tracks": [
        "blank"
      ]
    },
    {
      "cities": [
        "Norwalk",
        "Port Chester"
      ],
      "length": 6,
      "tracks": [
        "blank"
      ]
    },
    {
      "cities": [
        "Nyack",
        "Tarrytown"
      ],
      "length": 2,
      "tracks": [
        "blank"
      ]
    },
    {
      "cities": [
        "Nyack",
        "Spring Valley"
      ],
      "length": 1,
      "tracks": [
        "blank"
      ]
    },
    {
      "cities": [
        "Nyack",
        "Haverstraw"
      ],
      "length": 2,
      "tracks": [
        "blank"
      ]
    },
    {
      "cities": [
        "Spring Valley",
        "Newark"
      ],
      "length": 10,
      "tracks": [
        "yellow"
      ]
    },
    {
      "cities": [
        "Spring Valley",
        "Suffern"
      ],
      "length": 2,
      "tracks": [
        "purple"
      ]
    },
    {
      "cities": [
        "Spring Valley",
        "Haverstraw"
      ],
      "length": 2,
      "tracks": [
        "blank"
      ]
    },
    {
      "cities": [
        "Suffern",
        "Newark"
      ],
      "length": 10,
      "tracks": [
        "orange"
      ]
    },
    {
      "cities": [
        "Suffern",
        "Harriman"
      ],
      "length": 5,
      "tracks": [
        "blue"
      ]
    },
    {
      "cities": [
        "Babylon",
        "Hicksville"
      ],
      "length": 4,
      "tracks": [
        "blank"
      ]
    },
    {
      "cities": [
        "Babylon",
        "Valley Stream"
      ],
      "length": 8,
      "tracks": [
        "white"
      ]
    },
    {
      "cities": [
        "Hempstead",
        "Valley Stream"
      ],
      "length": 2,
      "tracks": [
        "red"
      ]
    },
    {
      "cities": [
        "Jamaica",
        "Valley Stream"
      ],
      "length": 2,